"0","data.feature.filt$time
"
"1","   [1]"
"1"," ""12"""
"1"," ""12"""
"1"," ""12"""
"1"," ""12"""
"1"," ""12"""
"1"," ""12"""
"1"," ""12"""
"1"," ""12"""
"1"," ""12"""
"1"," ""23"""
"1"," ""23"""
"1"," ""23"""
"1"," ""23"""
"1"," ""23"""
"1"," ""23"""
"1"," ""23"""
"1"," ""23"""
"1"," ""23"""
"1","
"
"1","  [19]"
"1"," ""23"""
"1"," ""23"""
"1"," ""23"""
"1"," ""23"""
"1"," ""23"""
"1"," ""23"""
"1"," ""23"""
"1"," ""23"""
"1"," ""23"""
"1"," ""23"""
"1"," ""23"""
"1"," ""23"""
"1"," ""23"""
"1"," ""23"""
"1"," ""23"""
"1"," ""34"""
"1"," ""34"""
"1"," ""34"""
"1","
"
"1","  [37]"
"1"," ""34"""
"1"," ""34"""
"1"," ""34"""
"1"," ""34"""
"1"," ""34"""
"1"," ""34"""
"1"," ""34"""
"1"," ""34"""
"1"," ""34"""
"1"," ""34"""
"1"," ""34"""
"1"," ""34"""
"1"," ""34"""
"1"," ""34"""
"1"," ""34"""
"1"," ""34"""
"1"," ""34"""
"1"," ""34"""
"1","
"
"1","  [55]"
"1"," ""34"""
"1"," ""34"""
"1"," ""34"""
"1"," ""12"""
"1"," ""12"""
"1"," ""12"""
"1"," ""23"""
"1"," ""23"""
"1"," ""23"""
"1"," ""23"""
"1"," ""23"""
"1"," ""23"""
"1"," ""23"""
"1"," ""23"""
"1"," ""12"""
"1"," ""12"""
"1"," ""34"""
"1"," ""34"""
"1","
"
"1","  [73]"
"1"," ""34"""
"1"," ""34"""
"1"," ""34"""
"1"," ""34"""
"1"," ""34"""
"1"," ""34"""
"1"," ""34"""
"1"," ""34"""
"1"," ""34"""
"1"," ""34"""
"1"," ""45"""
"1"," ""45"""
"1"," ""45"""
"1"," ""45"""
"1"," ""45"""
"1"," ""45"""
"1"," ""45"""
"1"," ""45"""
"1","
"
"1","  [91]"
"1"," ""45"""
"1"," ""45"""
"1"," ""45"""
"1"," ""45"""
"1"," ""45"""
"1"," ""45"""
"1"," ""45"""
"1"," ""45"""
"1"," ""23"""
"1"," ""23"""
"1"," ""23"""
"1"," ""23"""
"1"," ""23"""
"1"," ""23"""
"1"," ""23"""
"1"," ""23"""
"1"," ""12"""
"1"," ""12"""
"1","
"
"1"," [109]"
"1"," ""12"""
"1"," ""12"""
"1"," ""12"""
"1"," ""23"""
"1"," ""23"""
"1"," ""23"""
"1"," ""23"""
"1"," ""34"""
"1"," ""34"""
"1"," ""34"""
"1"," ""34"""
"1"," ""34"""
"1"," ""34"""
"1"," ""34"""
"1"," ""34"""
"1"," ""34"""
"1"," ""34"""
"1"," ""34"""
"1","
"
"1"," [127]"
"1"," ""34"""
"1"," ""45"""
"1"," ""45"""
"1"," ""45"""
"1"," ""45"""
"1"," ""45"""
"1"," ""45"""
"1"," ""45"""
"1"," ""45"""
"1"," ""45"""
"1"," ""45"""
"1"," ""45"""
"1"," ""45"""
"1"," ""45"""
"1"," ""45"""
"1"," ""45"""
"1"," ""45"""
"1"," ""34"""
"1","
"
"1"," [145]"
"1"," ""12"""
"1"," ""12"""
"1"," ""12"""
"1"," ""12"""
"1"," ""12"""
"1"," ""12"""
"1"," ""34"""
"1"," ""34"""
"1"," ""12"""
"1"," ""34"""
"1"," ""34"""
"1"," ""34"""
"1"," ""34"""
"1"," ""34"""
"1"," ""34"""
"1"," ""12"""
"1"," ""12"""
"1"," ""12"""
"1","
"
"1"," [163]"
"1"," ""12"""
"1"," ""12"""
"1"," ""12"""
"1"," ""12"""
"1"," ""12"""
"1"," ""12"""
"1"," ""12"""
"1"," ""23"""
"1"," ""23"""
"1"," ""23"""
"1"," ""23"""
"1"," ""23"""
"1"," ""23"""
"1"," ""23"""
"1"," ""23"""
"1"," ""23"""
"1"," ""23"""
"1"," ""23"""
"1","
"
"1"," [181]"
"1"," ""23"""
"1"," ""23"""
"1"," ""23"""
"1"," ""23"""
"1"," ""23"""
"1"," ""12"""
"1"," ""12"""
"1"," ""12"""
"1"," ""12"""
"1"," ""23"""
"1"," ""23"""
"1"," ""23"""
"1"," ""23"""
"1"," ""23"""
"1"," ""23"""
"1"," ""23"""
"1"," ""23"""
"1"," ""34"""
"1","
"
"1"," [199]"
"1"," ""34"""
"1"," ""34"""
"1"," ""34"""
"1"," ""34"""
"1"," ""34"""
"1"," ""34"""
"1"," ""34"""
"1"," ""34"""
"1"," ""34"""
"1"," ""34"""
"1"," ""34"""
"1"," ""34"""
"1"," ""34"""
"1"," ""34"""
"1"," ""34"""
"1"," ""34"""
"1"," ""34"""
"1"," ""34"""
"1","
"
"1"," [217]"
"1"," ""34"""
"1"," ""34"""
"1"," ""34"""
"1"," ""34"""
"1"," ""34"""
"1"," ""12"""
"1"," ""12"""
"1"," ""23"""
"1"," ""23"""
"1"," ""23"""
"1"," ""23"""
"1"," ""23"""
"1"," ""23"""
"1"," ""23"""
"1"," ""23"""
"1"," ""34"""
"1"," ""34"""
"1"," ""34"""
"1","
"
"1"," [235]"
"1"," ""34"""
"1"," ""34"""
"1"," ""34"""
"1"," ""34"""
"1"," ""34"""
"1"," ""34"""
"1"," ""34"""
"1"," ""34"""
"1"," ""34"""
"1"," ""12"""
"1"," ""12"""
"1"," ""12"""
"1"," ""12"""
"1"," ""23"""
"1"," ""23"""
"1"," ""23"""
"1"," ""23"""
"1"," ""23"""
"1","
"
"1"," [253]"
"1"," ""23"""
"1"," ""23"""
"1"," ""23"""
"1"," ""23"""
"1"," ""23"""
"1"," ""23"""
"1"," ""23"""
"1"," ""34"""
"1"," ""34"""
"1"," ""34"""
"1"," ""34"""
"1"," ""34"""
"1"," ""34"""
"1"," ""34"""
"1"," ""34"""
"1"," ""34"""
"1"," ""34"""
"1"," ""34"""
"1","
"
"1"," [271]"
"1"," ""34"""
"1"," ""34"""
"1"," ""34"""
"1"," ""34"""
"1"," ""34"""
"1"," ""34"""
"1"," ""34"""
"1"," ""34"""
"1"," ""34"""
"1"," ""34"""
"1"," ""34"""
"1"," ""34"""
"1"," ""34"""
"1"," ""34"""
"1"," ""34"""
"1"," ""34"""
"1"," ""34"""
"1"," ""34"""
"1","
"
"1"," [289]"
"1"," ""34"""
"1"," ""34"""
"1"," ""34"""
"1"," ""34"""
"1"," ""34"""
"1"," ""34"""
"1"," ""34"""
"1"," ""34"""
"1"," ""34"""
"1"," ""34"""
"1"," ""34"""
"1"," ""34"""
"1"," ""45"""
"1"," ""45"""
"1"," ""23"""
"1"," ""23"""
"1"," ""23"""
"1"," ""23"""
"1","
"
"1"," [307]"
"1"," ""23"""
"1"," ""23"""
"1"," ""23"""
"1"," ""23"""
"1"," ""34"""
"1"," ""34"""
"1"," ""34"""
"1"," ""34"""
"1"," ""34"""
"1"," ""34"""
"1"," ""34"""
"1"," ""34"""
"1"," ""34"""
"1"," ""34"""
"1"," ""34"""
"1"," ""34"""
"1"," ""23"""
"1"," ""23"""
"1","
"
"1"," [325]"
"1"," ""23"""
"1"," ""23"""
"1"," ""23"""
"1"," ""23"""
"1"," ""23"""
"1"," ""23"""
"1"," ""23"""
"1"," ""23"""
"1"," ""23"""
"1"," ""23"""
"1"," ""23"""
"1"," ""23"""
"1"," ""23"""
"1"," ""23"""
"1"," ""45"""
"1"," ""45"""
"1"," ""45"""
"1"," ""45"""
"1","
"
"1"," [343]"
"1"," ""45"""
"1"," ""45"""
"1"," ""45"""
"1"," ""45"""
"1"," ""45"""
"1"," ""45"""
"1"," ""45"""
"1"," ""45"""
"1"," ""45"""
"1"," ""45"""
"1"," ""45"""
"1"," ""45"""
"1"," ""34"""
"1"," ""34"""
"1"," ""34"""
"1"," ""34"""
"1"," ""34"""
"1"," ""34"""
"1","
"
"1"," [361]"
"1"," ""34"""
"1"," ""34"""
"1"," ""34"""
"1"," ""34"""
"1"," ""34"""
"1"," ""34"""
"1"," ""12"""
"1"," ""12"""
"1"," ""12"""
"1"," ""12"""
"1"," ""12"""
"1"," ""12"""
"1"," ""12"""
"1"," ""12"""
"1"," ""23"""
"1"," ""23"""
"1"," ""23"""
"1"," ""23"""
"1","
"
"1"," [379]"
"1"," ""23"""
"1"," ""23"""
"1"," ""23"""
"1"," ""23"""
"1"," ""34"""
"1"," ""34"""
"1"," ""34"""
"1"," ""34"""
"1"," ""34"""
"1"," ""34"""
"1"," ""34"""
"1"," ""34"""
"1"," ""34"""
"1"," ""34"""
"1"," ""34"""
"1"," ""34"""
"1"," ""45"""
"1"," ""45"""
"1","
"
"1"," [397]"
"1"," ""45"""
"1"," ""45"""
"1"," ""45"""
"1"," ""45"""
"1"," ""45"""
"1"," ""45"""
"1"," ""45"""
"1"," ""45"""
"1"," ""45"""
"1"," ""45"""
"1"," ""45"""
"1"," ""45"""
"1"," ""45"""
"1"," ""45"""
"1"," ""23"""
"1"," ""23"""
"1"," ""23"""
"1"," ""23"""
"1","
"
"1"," [415]"
"1"," ""23"""
"1"," ""23"""
"1"," ""23"""
"1"," ""23"""
"1"," ""23"""
"1"," ""23"""
"1"," ""23"""
"1"," ""23"""
"1"," ""45"""
"1"," ""45"""
"1"," ""45"""
"1"," ""45"""
"1"," ""45"""
"1"," ""45"""
"1"," ""45"""
"1"," ""45"""
"1"," ""45"""
"1"," ""45"""
"1","
"
"1"," [433]"
"1"," ""45"""
"1"," ""45"""
"1"," ""45"""
"1"," ""45"""
"1"," ""45"""
"1"," ""45"""
"1"," ""23"""
"1"," ""23"""
"1"," ""23"""
"1"," ""23"""
"1"," ""23"""
"1"," ""23"""
"1"," ""23"""
"1"," ""23"""
"1"," ""34"""
"1"," ""34"""
"1"," ""34"""
"1"," ""34"""
"1","
"
"1"," [451]"
"1"," ""34"""
"1"," ""34"""
"1"," ""34"""
"1"," ""34"""
"1"," ""34"""
"1"," ""34"""
"1"," ""34"""
"1"," ""34"""
"1"," ""23"""
"1"," ""12"""
"1"," ""12"""
"1"," ""12"""
"1"," ""23"""
"1"," ""23"""
"1"," ""23"""
"1"," ""23"""
"1"," ""23"""
"1"," ""12"""
"1","
"
"1"," [469]"
"1"," ""12"""
"1"," ""12"""
"1"," ""12"""
"1"," ""12"""
"1"," ""12"""
"1"," ""12"""
"1"," ""12"""
"1"," ""12"""
"1"," ""45"""
"1"," ""45"""
"1"," ""45"""
"1"," ""45"""
"1"," ""45"""
"1"," ""45"""
"1"," ""45"""
"1"," ""45"""
"1"," ""45"""
"1"," ""45"""
"1","
"
"1"," [487]"
"1"," ""45"""
"1"," ""45"""
"1"," ""45"""
"1"," ""45"""
"1"," ""45"""
"1"," ""45"""
"1"," ""45"""
"1"," ""45"""
"1"," ""45"""
"1"," ""45"""
"1"," ""45"""
"1"," ""45"""
"1"," ""45"""
"1"," ""45"""
"1"," ""45"""
"1"," ""45"""
"1"," ""45"""
"1"," ""45"""
"1","
"
"1"," [505]"
"1"," ""45"""
"1"," ""45"""
"1"," ""45"""
"1"," ""45"""
"1"," ""45"""
"1"," ""45"""
"1"," ""45"""
"1"," ""45"""
"1"," ""34"""
"1"," ""34"""
"1"," ""34"""
"1"," ""34"""
"1"," ""34"""
"1"," ""34"""
"1"," ""34"""
"1"," ""34"""
"1"," ""34"""
"1"," ""34"""
"1","
"
"1"," [523]"
"1"," ""23"""
"1"," ""23"""
"1"," ""23"""
"1"," ""23"""
"1"," ""23"""
"1"," ""23"""
"1"," ""23"""
"1"," ""23"""
"1"," ""23"""
"1"," ""23"""
"1"," ""23"""
"1"," ""23"""
"1"," ""45"""
"1"," ""45"""
"1"," ""45"""
"1"," ""45"""
"1"," ""45"""
"1"," ""45"""
"1","
"
"1"," [541]"
"1"," ""45"""
"1"," ""45"""
"1"," ""45"""
"1"," ""45"""
"1"," ""45"""
"1"," ""45"""
"1"," ""45"""
"1"," ""45"""
"1"," ""45"""
"1"," ""45"""
"1"," ""23"""
"1"," ""23"""
"1"," ""23"""
"1"," ""23"""
"1"," ""23"""
"1"," ""23"""
"1"," ""23"""
"1"," ""23"""
"1","
"
"1"," [559]"
"1"," ""12"""
"1"," ""34"""
"1"," ""34"""
"1"," ""34"""
"1"," ""34"""
"1"," ""34"""
"1"," ""34"""
"1"," ""34"""
"1"," ""34"""
"1"," ""34"""
"1"," ""34"""
"1"," ""34"""
"1"," ""34"""
"1"," ""23"""
"1"," ""23"""
"1"," ""23"""
"1"," ""23"""
"1"," ""23"""
"1","
"
"1"," [577]"
"1"," ""23"""
"1"," ""23"""
"1"," ""23"""
"1"," ""45"""
"1"," ""45"""
"1"," ""45"""
"1"," ""45"""
"1"," ""45"""
"1"," ""45"""
"1"," ""45"""
"1"," ""45"""
"1"," ""45"""
"1"," ""45"""
"1"," ""45"""
"1"," ""45"""
"1"," ""45"""
"1"," ""45"""
"1"," ""45"""
"1","
"
"1"," [595]"
"1"," ""45"""
"1"," ""12"""
"1"," ""12"""
"1"," ""12"""
"1"," ""12"""
"1"," ""34"""
"1"," ""34"""
"1"," ""34"""
"1"," ""34"""
"1"," ""34"""
"1"," ""34"""
"1"," ""34"""
"1"," ""34"""
"1"," ""34"""
"1"," ""34"""
"1"," ""34"""
"1"," ""34"""
"1"," ""45"""
"1","
"
"1"," [613]"
"1"," ""45"""
"1"," ""45"""
"1"," ""45"""
"1"," ""45"""
"1"," ""45"""
"1"," ""45"""
"1"," ""45"""
"1"," ""45"""
"1"," ""45"""
"1"," ""45"""
"1"," ""45"""
"1"," ""45"""
"1"," ""45"""
"1"," ""45"""
"1"," ""45"""
"1"," ""45"""
"1"," ""45"""
"1"," ""45"""
"1","
"
"1"," [631]"
"1"," ""45"""
"1"," ""45"""
"1"," ""45"""
"1"," ""45"""
"1"," ""45"""
"1"," ""45"""
"1"," ""45"""
"1"," ""45"""
"1"," ""45"""
"1"," ""45"""
"1"," ""45"""
"1"," ""45"""
"1"," ""45"""
"1"," ""34"""
"1"," ""34"""
"1"," ""34"""
"1"," ""34"""
"1"," ""34"""
"1","
"
"1"," [649]"
"1"," ""34"""
"1"," ""34"""
"1"," ""34"""
"1"," ""34"""
"1"," ""34"""
"1"," ""34"""
"1"," ""34"""
"1"," ""12"""
"1"," ""23"""
"1"," ""23"""
"1"," ""23"""
"1"," ""23"""
"1"," ""34"""
"1"," ""34"""
"1"," ""34"""
"1"," ""34"""
"1"," ""34"""
"1"," ""34"""
"1","
"
"1"," [667]"
"1"," ""34"""
"1"," ""34"""
"1"," ""34"""
"1"," ""34"""
"1"," ""34"""
"1"," ""34"""
"1"," ""12"""
"1"," ""12"""
"1"," ""12"""
"1"," ""12"""
"1"," ""23"""
"1"," ""23"""
"1"," ""23"""
"1"," ""23"""
"1"," ""23"""
"1"," ""23"""
"1"," ""23"""
"1"," ""23"""
"1","
"
"1"," [685]"
"1"," ""45"""
"1"," ""45"""
"1"," ""45"""
"1"," ""45"""
"1"," ""45"""
"1"," ""45"""
"1"," ""45"""
"1"," ""45"""
"1"," ""45"""
"1"," ""45"""
"1"," ""45"""
"1"," ""45"""
"1"," ""45"""
"1"," ""45"""
"1"," ""45"""
"1"," ""45"""
"1"," ""34"""
"1"," ""34"""
"1","
"
"1"," [703]"
"1"," ""34"""
"1"," ""34"""
"1"," ""34"""
"1"," ""34"""
"1"," ""34"""
"1"," ""34"""
"1"," ""34"""
"1"," ""34"""
"1"," ""34"""
"1"," ""34"""
"1"," ""45"""
"1"," ""45"""
"1"," ""12"""
"1"," ""12"""
"1"," ""12"""
"1"," ""12"""
"1"," ""12"""
"1"," ""12"""
"1","
"
"1"," [721]"
"1"," ""12"""
"1"," ""12"""
"1"," ""23"""
"1"," ""23"""
"1"," ""23"""
"1"," ""23"""
"1"," ""23"""
"1"," ""23"""
"1"," ""23"""
"1"," ""23"""
"1"," ""23"""
"1"," ""23"""
"1"," ""23"""
"1"," ""23"""
"1"," ""12"""
"1"," ""12"""
"1"," ""12"""
"1"," ""45"""
"1","
"
"1"," [739]"
"1"," ""45"""
"1"," ""45"""
"1"," ""45"""
"1"," ""45"""
"1"," ""45"""
"1"," ""45"""
"1"," ""45"""
"1"," ""12"""
"1"," ""12"""
"1"," ""12"""
"1"," ""12"""
"1"," ""12"""
"1"," ""12"""
"1"," ""23"""
"1"," ""23"""
"1"," ""23"""
"1"," ""23"""
"1"," ""34"""
"1","
"
"1"," [757]"
"1"," ""34"""
"1"," ""34"""
"1"," ""12"""
"1"," ""12"""
"1"," ""12"""
"1"," ""12"""
"1"," ""12"""
"1"," ""12"""
"1"," ""12"""
"1"," ""12"""
"1"," ""12"""
"1"," ""12"""
"1"," ""12"""
"1"," ""12"""
"1"," ""23"""
"1"," ""23"""
"1"," ""23"""
"1"," ""23"""
"1","
"
"1"," [775]"
"1"," ""23"""
"1"," ""23"""
"1"," ""23"""
"1"," ""23"""
"1"," ""34"""
"1"," ""34"""
"1"," ""34"""
"1"," ""34"""
"1"," ""34"""
"1"," ""34"""
"1"," ""34"""
"1"," ""34"""
"1"," ""34"""
"1"," ""34"""
"1"," ""34"""
"1"," ""34"""
"1"," ""45"""
"1"," ""45"""
"1","
"
"1"," [793]"
"1"," ""45"""
"1"," ""45"""
"1"," ""45"""
"1"," ""45"""
"1"," ""45"""
"1"," ""45"""
"1"," ""45"""
"1"," ""45"""
"1"," ""45"""
"1"," ""45"""
"1"," ""45"""
"1"," ""45"""
"1"," ""45"""
"1"," ""45"""
"1"," ""23"""
"1"," ""23"""
"1"," ""23"""
"1"," ""23"""
"1","
"
"1"," [811]"
"1"," ""23"""
"1"," ""23"""
"1"," ""23"""
"1"," ""23"""
"1"," ""12"""
"1"," ""12"""
"1"," ""12"""
"1"," ""12"""
"1"," ""34"""
"1"," ""34"""
"1"," ""34"""
"1"," ""34"""
"1"," ""34"""
"1"," ""34"""
"1"," ""34"""
"1"," ""34"""
"1"," ""34"""
"1"," ""34"""
"1","
"
"1"," [829]"
"1"," ""34"""
"1"," ""34"""
"1"," ""34"""
"1"," ""34"""
"1"," ""23"""
"1"," ""23"""
"1"," ""23"""
"1"," ""23"""
"1"," ""23"""
"1"," ""23"""
"1"," ""23"""
"1"," ""23"""
"1"," ""23"""
"1"," ""23"""
"1"," ""23"""
"1"," ""23"""
"1"," ""23"""
"1"," ""23"""
"1","
"
"1"," [847]"
"1"," ""23"""
"1"," ""23"""
"1"," ""12"""
"1"," ""12"""
"1"," ""12"""
"1"," ""12"""
"1"," ""12"""
"1"," ""12"""
"1"," ""12"""
"1"," ""12"""
"1"," ""12"""
"1"," ""12"""
"1"," ""12"""
"1"," ""12"""
"1"," ""12"""
"1"," ""12"""
"1"," ""12"""
"1"," ""12"""
"1","
"
"1"," [865]"
"1"," ""45"""
"1"," ""45"""
"1"," ""45"""
"1"," ""45"""
"1"," ""45"""
"1"," ""45"""
"1"," ""45"""
"1"," ""45"""
"1"," ""45"""
"1"," ""45"""
"1"," ""45"""
"1"," ""45"""
"1"," ""45"""
"1"," ""45"""
"1"," ""45"""
"1"," ""45"""
"1"," ""34"""
"1"," ""34"""
"1","
"
"1"," [883]"
"1"," ""34"""
"1"," ""34"""
"1"," ""34"""
"1"," ""34"""
"1"," ""34"""
"1"," ""34"""
"1"," ""34"""
"1"," ""34"""
"1"," ""34"""
"1"," ""34"""
"1"," ""23"""
"1"," ""23"""
"1"," ""23"""
"1"," ""23"""
"1"," ""12"""
"1"," ""23"""
"1"," ""23"""
"1"," ""23"""
"1","
"
"1"," [901]"
"1"," ""23"""
"1"," ""34"""
"1"," ""34"""
"1"," ""34"""
"1"," ""34"""
"1"," ""34"""
"1"," ""34"""
"1"," ""34"""
"1"," ""34"""
"1"," ""34"""
"1"," ""34"""
"1"," ""34"""
"1"," ""34"""
"1"," ""23"""
"1"," ""23"""
"1"," ""23"""
"1"," ""23"""
"1"," ""23"""
"1","
"
"1"," [919]"
"1"," ""23"""
"1"," ""23"""
"1"," ""23"""
"1"," ""34"""
"1"," ""34"""
"1"," ""34"""
"1"," ""34"""
"1"," ""34"""
"1"," ""34"""
"1"," ""34"""
"1"," ""34"""
"1"," ""34"""
"1"," ""34"""
"1"," ""34"""
"1"," ""34"""
"1"," ""34"""
"1"," ""34"""
"1"," ""34"""
"1","
"
"1"," [937]"
"1"," ""34"""
"1"," ""34"""
"1"," ""34"""
"1"," ""34"""
"1"," ""34"""
"1"," ""34"""
"1"," ""34"""
"1"," ""34"""
"1"," ""34"""
"1"," ""45"""
"1"," ""45"""
"1"," ""45"""
"1"," ""45"""
"1"," ""45"""
"1"," ""45"""
"1"," ""45"""
"1"," ""45"""
"1"," ""45"""
"1","
"
"1"," [955]"
"1"," ""45"""
"1"," ""45"""
"1"," ""45"""
"1"," ""45"""
"1"," ""45"""
"1"," ""45"""
"1"," ""45"""
"1"," ""12"""
"1"," ""12"""
"1"," ""12"""
"1"," ""12"""
"1"," ""23"""
"1"," ""23"""
"1"," ""23"""
"1"," ""23"""
"1"," ""23"""
"1"," ""23"""
"1"," ""23"""
"1","
"
"1"," [973]"
"1"," ""23"""
"1"," ""34"""
"1"," ""34"""
"1"," ""34"""
"1"," ""34"""
"1"," ""34"""
"1"," ""34"""
"1"," ""34"""
"1"," ""34"""
"1"," ""34"""
"1"," ""34"""
"1"," ""34"""
"1"," ""34"""
"1"," ""45"""
"1"," ""45"""
"1"," ""45"""
"1"," ""45"""
"1"," ""45"""
"1","
"
"1"," [991]"
"1"," ""45"""
"1"," ""45"""
"1"," ""45"""
"1"," ""45"""
"1"," ""45"""
"1"," ""45"""
"1"," ""45"""
"1"," ""45"""
"1"," ""45"""
"1"," ""45"""
"1","
"
"1"," [ reached getOption(""max.print"") -- omitted 406 entries ]
"
